iter	RMSE
0	0.2007641723
1	0.1386371997
2	0.1086381031
3	0.09343280692
4	0.08559946051
5	0.07944685023
6	0.07676840669
7	0.07437603488
8	0.072251441
9	0.07074150719
10	0.06884092654
